res_id,name
2024000000335390,jumali
2024000000772349,irma indriyani
2024000000104763,suratno
2024000000277479,nuramsah
2024000000231713,diana nur fhaisah
2024000000186891,alisa devi saputri
2024000000279430,fauzan adi saputra
2024000000128683,mariyauddin
2024000000879619,swarti
2024000000109060,reza indra saputra
2024000000614085,dimas dwi fadilah
2024000000141942,faiz ahza praditya
2024000000167763,sudin
2024000000226614,miswen
2024000000294414,tukijo al rifa' i
2024000000325947,winarti
2024000000173592,irvan maulana
2024000000812538,alfin akbar rifa'i
2024000000770918,samidi
2024000000209278,paijem
2024000000884925,salim
2024000000220545,tukini
2024000000241742,slamet
2024000000160785,bini suharyati
2024000000107685,fendi selistiawan
2024000000378938,kelvin naszril tri efendi
2024000000293939,sugianto
2024000000147805,novi hartini
2024000000201678,aisyah giovani
2024000000280518,arif nova baihaqi
2024000000194674,sutiono
2024000000621367,listiani
2024000000293900,m. ikhwan amsyahputra
2024000000259789,anindita keisha azzahra
2024000000128207,joni kartinus
2024000000322434,heri yeni
2024000000786666,febri dianisya
2024000000293010,rahmat tri apriliando
2024000000223348,sumarni
2024000000286334,muhammad aprila
2024000000246800,warhan
2024000000191286,halima tussa'dia
2024000000109752,syavira hanzuneira
2024000000275525,irwan efendi
2024000000313688,sugiarto
2024000000248839,lasmini
2024000000325500,sri lestari
2024000000289560,mukhlis sariadin
2024000000222844,sukadi
2024000000140086,bintiah
2024000000261499,rudi febrianto
2024000000307737,sugeng pribadi
2024000000334906,sutiman
2024000000146928,ngatini
2024000000824614,ahmad nizam alfarizi
2024000000281053,syahrul
2024000000222628,ngadinem
2024000000298593,elly kumala sari
2024000000848190,nanda ayu nur halizzah
2024000000719752,muksin
2024000000457765,gino
2024000000936163,nurhayati
2024000000641330,cici ramadhayanti
2024000000266776,afni dwi lestari
2024000000101919,trisno
2024000000114037,mahdalena
2024000000149750,luthfi abdillah
2024000000293409,adiba zahara
2024000000372269,sucipto
2024000000280462,asih
2024000000316955,muhammad albana
2024000000164714,salwa unaisah
2024000000576220,harun fadhillah
2024000000187195,salma nusaybah
2024000000320786,shoffan al fath
2024000000147618,hanif fatchan mujib
2024000000708196,sutrisno
2024000000222818,purwati
2024000000137874,adif zaldiansyah
2024000000129718,nadira aulia shaki
2024000000382639,ujang umin ruhdiansyah
2024000000327905,dede rumyati
2024000000113381,eka rosmawati
2024000000243696,lely lutfiah sungkar
2024000000650052,ivan gustomi
2024000000174589,alfazola
2024000000950185,azza nabilla tasya
2024000000175127,hafsa nur hafizza
2024000000287696,alhadmin
2024000000955122,dahlia
2024000000371526,m. khuza alhasby
2024000000157919,ismail
2024000000414542,susiati
2024000000209075,qoridhotul mutakin
2024000000861643,khafidhotus sany
2024000000331699,syafia zahra aprelia
2024000000221530,slamet
2024000000908632,eka restiawati
2024000000333396,m. aditya hatta
2024000000648305,sumarno
2024000000388328,aris anggraini
2024000000148776,dian nur artika sari
2024000000216255,lisa tri yunita
2024000000431063,kasmari
2024000000285662,munik nurhayati
2024000000284053,aura afifatunnisa
2024000000211180,aulia mutiara cinta
2024000000318461,suliati
2024000000332297,tawirja
2024000000177173,bawiati
2024000000253036,rudianto
2024000000317411,siswanto
2024000000101494,titin fatimah
2024000000321681,nanda lucky firmansyah
2024000000105012,zulvan arfa syazwan
2024000000128047,handri
2024000000107433,maisaroh
2024000000133081,yusi andriyani
2024000000787095,rizki septiadi
2024000000280205,suyadi
2024000000639736,suryani
2024000000113243,tatik dwi ambarwati
2024000000175552,ima listiani
2024000000318818,sujono
2024000000786982,marini
2024000000155174,m. tolib syahbarul
2024000000249154,bela novitasari
2024000000152844,muhammad afdal affandi
2024000000277813,dedi iswandi
2024000000281225,ahmad purwito
2024000000240110,hadmini
2024000000199140,atun puji rahayu
2024000000318868,agus fahrizal
2024000000245292,tri winarti
2024000000273656,murdiansyah
2024000000290291,agustina muntikawati
2024000000331865,ali hamzah
2024000000278043,dewi
2024000000188126,evi alisma
2024000000172101,egi aulia pirdaus
2024000000152531,seli hapti anggara
2024000000770876,rasidin
2024000000147496,rebo
2024000000140223,kasih
2024000000500571,ilham setiaji
2024000000583312,muhamad aziz
2024000000368007,surya kusuma
2024000000307679,tumi setiawati
2024000000295111,irza syahputra
2024000000240199,asim
2024000000285314,srini
2024000000115037,yeni purwaningsih
2024000000308531,vebri kurniawan
2024000000322128,ahmad diinulkha
2024000000198889,didik siswanto
2024000000355761,sigit sugiyanto
2024000000877519,ike handayani
2024000000173073,ratifa naila aisha
2024000000311480,mukarom
2024000000879282,fauziyah
2024000000105578,alfiyatu zahroh
2024000000948704,miftakhul qolbi
2024000000297710,abdullah afif azzuhri
2024000000218080,afifah azzahroh
2024000000285934,kevin kenzi al firmansyah
2024000000192716,muhaimin
2024000000763424,dwi rukiyah
2024000000127103,azuwa fatkur alkholif
2024000000336819,binti
2024000000183048,andi baskoro
2024000000146104,muhammad habibullah
2024000000253429,ira afrianti
2024000000663870,misbahatussudury
2024000000812535,manto gumes
2024000000340150,tumirah
2024000000504760,ali mustopo
2024000000670168,siti maemunah
2024000000226973,aisah
2024000000380731,sapin
2024000000280673,nur khalim
2024000000123149,isni
2024000000292916,suprihatin
2024000000197324,peni untari
2024000000140700,tomi ramdani
2024000000341213,riki supendi
2024000000270495,sahid
2024000000607031,siti juwariyah
2024000000603603,miftachul huda
2024000000134371,nur jannah
2024000000187674,m. nasirudin
2024000000500384,choiriyah
2024000000171494,sagiman
2024000000493158,sutinah
2024000000223849,elisnawati
2024000000687788,winda aprilia
2024000000581165,sudadi
2024000000306283,supriyo susanto
2024000000306306,sri mulyati
2024000000321687,dinda dwi merliana
2024000000714069,ardy ramadhani
2024000000716361,wagino
2024000000235434,sri rejeki
2024000000566032,diky handriansyah
2024000000177997,giono
2024000000444692,ismiyati
2024000000915137,bayu istanto
2024000000340045,indah bunga hati
2024000000834687,waelan
2024000000686034,rastina
2024000000875114,hari kurniawan
2024000000158999,umi maslikhah
2024000000790197,lilik supriyanto
2024000000578022,sunarti
2024000000109078,revianita inka hadi
2024000000231405,agung susilo
2024000000168948,ira susanti
2024000000138627,silvia ayu nadira rahmawati
2024000000202151,ngadiman
2024000000156635,sriyatun
2024000000295461,een romlah
2024000000120713,abdul rahman
2024000000121146,m. zaenuri
2024000000290534,tri murtini
2024000000273484,leny faridhotul mutmaini
2024000000105889,azizah hanifatur rahma
2024000000185136,ahmad hasinul fikqih
2024000000331167,annida hasnaul atika
2024000000212280,jalal
2024000000100579,supri ani
2024000000195219,muhammad rikza rohmana
2024000000154734,aila annafi'an zaini
2024000000939806,novi ayu sharafina
2024000000128552,nova ayu sharafika
2024000000285118,samsuri
2024000000960512,ani
2024000000212127,santi susanti
2024000000137007,nyaman
2024000000790281,rusmiyati
2024000000261381,taufik usman
2024000000539811,suci melia putri
2024000000185188,tumidjo
2024000000310297,sumarni
2024000000250303,aprilia rahmawati
2024000000214088,febi ayu lestari
2024000000659169,gunawan
2024000000144842,siti mudrikah
2024000000166045,indarti
2024000000324720,wahab maulana ramadhan
2024000000333142,haikal aziz kurniawan
2024000000338191,ahmad tona
2024000000115973,sutomo
2024000000336458,mariyem
2024000000270179,setio purwanto
2024000000123962,tri tugas
2024000000276568,tumiati
2024000000217575,hanifatun nasyroh
2024000000123645,sutarman
2024000000375716,ponirah
2024000000103898,slamet harianto
2024000000199239,sumarno
2024000000306418,sunarti
2024000000792641,lukman wibowo. s
2024000000116404,iman wahyudi
2024000000302967,hariyono
2024000000254294,mami hernawati
2024000000226965,m. irfani
2024000000263146,sagiyati
2024000000144216,andi sofyan
2024000000740450,fita eviyana
2024000000265745,ahmad priyanto
2024000000136564,hadi wagiman
2024000000274900,suparmi
2024000000297682,sigit widianto
2024000000440214,singgih adi putra
2024000000276045,mitro panut
2024000000247371,rubiyati
2024000000250925,supri yanto
2024000000100301,ani paridah
2024000000317203,nina ayu lestari
2024000000661189,tika ramawati
2024000000143278,paryono
2024000000737030,sukatmi
2024000000243224,eva apriyani
2024000000106687,asiva nur aini
2024000000285656,m. amin
2024000000529296,salpiah
2024000000336604,mustaqpirin
2024000000245561,khairudin
2024000000266830,khairul ilham
2024000000152869,yuli yanti
2024000000203262,shela nur diana sari
2024000000188161,lhailatul istamaroh
2024000000893769,sudirman
2024000000320478,atik winarni
2024000000844783,sofyan ali syahbana
2024000000317331,nur aida dwi ramadhani
2024000000101381,arsy muhammad al habsy
2024000000556879,m. zaenuri
2024000000148000,tri murtini
2024000000163059,leny faridhotul mutmaini
2024000000643158,azizah hanifatur rahma
2024000000114626,ahmad hasinul fikqih
2024000000230907,annida hasnaul atika
2024000000224725,jalal
2024000000365428,supri ani
2024000000703325,muhammad rikza rohmana
2024000000686792,aila annafi'an zaini
2024000000285646,novi ayu sharafina
2024000000274971,nova ayu sharafika
2024000000114983,samsuri
2024000000250553,ani
2024000000892291,santi susanti
2024000000140970,nyaman
2024000000249387,rusmiyati
2024000000493247,taufik usman
2024000000218707,suci melia putri
2024000000275964,tumidjo
2024000000324382,sumarni
2024000000336757,aprilia rahmawati
2024000000460112,febi ayu lestari
2024000000327855,gunawan
2024000000300775,siti mudrikah
2024000000251304,indarti
2024000000252276,wahab maulana ramadhan
2024000000890499,haikal aziz kurniawan
2024000000235365,ahmad tona
2024000000137737,sutomo
2024000000529004,mariyem
2024000000686909,setio purwanto
2024000000155719,tri tugas
2024000000449166,tumiati
2024000000226515,hanifatun nasyroh
2024000000294774,sutarman
2024000000267687,ponirah
2024000000211887,slamet harianto
2024000000161783,sumarno
2024000000285476,sunarti
2024000000292951,lukman wibowo. s
2024000000281731,iman wahyudi
2024000000315486,hariyono
2024000000157171,mami hernawati
2024000000254102,m. irfani
2024000000411643,sagiyati
2024000000145788,andi sofyan
2024000000143447,fita eviyana
2024000000133474,ahmad priyanto
2024000000278128,hadi wagiman
2024000000181770,suparmi
2024000000918525,sigit widianto
2024000000541028,singgih adi putra
2024000000165286,mitro panut
2024000000168448,rubiyati
2024000000280999,supri yanto
2024000000278632,ani paridah
2024000000483883,nina ayu lestari
2024000000254451,tika ramawati
2024000000224483,paryono
2024000000233081,sukatmi
2024000000110276,eva apriyani
2024000000554072,asiva nur aini
2024000000306754,m. amin
2024000000335264,salpiah
2024000000325528,mustaqpirin
2024000000324963,khairudin
2024000000285416,khairul ilham
2024000000265865,yuli yanti
2024000000630903,shela nur diana sari
2024000000198518,lhailatul istamaroh
2024000000280513,sudirman
2024000000214012,atik winarni
2024000000934522,sofyan ali syahbana
2024000000271363,nur aida dwi ramadhani
2024000000675559,arsy muhammad al habsy
2024000000137369,pangidoan
2024000000711733,suwarni
2024000000309777,nurliani
2024000000189036,safiq heryanto
2024000000302117,rahmat
2024000000270368,yunersen
2024000000869088,ahmad muttakin
2024000000132775,badriah
2024000000159752,harisun
2024000000105075,hali maskur
2024000000241383,yusuf
2024000000232039,bukhori
2024000000536092,si'in
2024000000263331,muhammad susanto
2024000000888447,anwar asnawi
2024000000300074,ali imron
2024000000967562,slamet nidun
2024000000132078,jaemah
2024000000477217,eka junita
2024000000993166,duwi a. fikri
2024000000246801,muhammad akbar rizan
2024000000326346,martono
2024000000230887,sadiah
2024000000183660,pitriani
2024000000281239,amat solekan
2024000000288102,iswadi
2024000000363071,paino
2024000000338784,hani atun
2024000000578537,riska sundari
2024000000136105,sabrina fatmawati
2024000000252595,abdul jalil
2024000000367561,sulastri
2024000000304935,abi gail
2024000000319278,raudati zuhriyah
2024000000306324,nirmala syafira
2024000000132892,turhadi
2024000000271410,konah
2024000000801121,hani sali sati
2024000000163525,alwan supangat
2024000000213148,sukirman
2024000000233739,riyanti
2024000000154077,rafika oktavianti
2024000000123162,dwi kurniasih
2024000000811558,m. tri ananta anugrah
2024000000149224,rajiman
2024000000293071,leginem
2024000000221923,suparjo
2024000000255168,suliyatin
2024000000157085,catur suroso
2024000000116385,rafika dewi sari
2024000000103605,dian nur assyfa
2024000000272351,abdul hamid
2024000000112969,siti aisah
2024000000270652,sariman
2024000000167698,tasminah
2024000000656569,nafiudin
2024000000228448,siti komariyah
2024000000236600,budiman syahputra
2024000000111050,sri nawati
2024000000229259,rakha fico efendi
2024000000143083,muji syukur
2024000000118279,ismini
2024000000123963,eka afrilia pujianti
2024000000477406,fikri dwi susanto
2024000000323008,siswanto
2024000000554343,mu'alifah
2024000000310296,yuda aldiansyah
2024000000266389,sugianto
2024000000105220,deni primawan
2024000000100456,muhammad yusuf
2024000000998522,niwan
2024000000232065,siti masithoh
2024000000191688,mustofa
2024000000339602,somad susanto
2024000000569466,immatul azizah
2024000000609420,lamsyah purba
2024000000187840,roliana silalahi
2024000000339933,desi ratnasari
2024000000915867,abdul hanafi purba
2024000000262125,ibnu haris purba
2024000000198144,arif suesanto purba
2024000000170499,ade liyanti
2024000000309946,jubadi
2024000000269039,citra ayu wulandari
2024000000158827,surya dwi syahputra
2024000000325601,jumali
2024000000928299,adi widjoyo
2024000000255929,sudarseh
2024000000128094,siti juwariyah
2024000000584317,munirul ikhwan
2024000000339615,ahmad farid
2024000000335238,apriyani
2024000000140631,abdi ahmad permadani
2024000000172722,dinda syifa
2024000000303436,sutrisno
2024000000126826,sundari
2024000000286889,khoiru nisa aprilia
2024000000296322,supriyadi
2024000000208335,sri khayati
2024000000182947,al fathir rakha abyan
2024000000137373,herman
2024000000336752,tria ningsih
2024000000325633,akmal maulana teguh firmansyah
2024000000116770,galih setiawan dwi aldi hernanda
2024000000100760,bonem
2024000000127877,ahmad sujono
2024000000142040,siyami
2024000000101103,dion aldi setiawan
2024000000316473,teguh ramadhan
2024000000103995,nurokhmad ikhwandi
2024000000154249,siti maryatun
2024000000806914,muhammad fajri maulana
2024000000281204,suyatno
2024000000177734,sriana
2024000000129968,hasan sidik
2024000000110825,maulana mujahid
2024000000205500,fadhilah aini
2024000000211096,eria zilan putri
2024000000152594,kasianto
2024000000297616,sutrisno
2024000000104807,roni setyawan
2024000000171820,slamet
2024000000140030,sariani
2024000000958691,fahri al farisi
2024000000952128,imania syafa azzahrah
2024000000248186,sukarlan
2024000000281428,kokom komariah
